config_name,total_trades,wins,losses,win_rate,expectancy,profit_factor,max_drawdown,net_result
v5_fixed_tp1_035_close_050,22,17,5,77.27272727272727,0.2392831927450785,1.4310293265912435,-6.259430550638763,5.264230240391727
v5_fixed_tp1_040_close_050,22,17,5,77.27272727272727,0.28080237311373096,1.5061127311909124,-6.212352101914267,6.177652208502081
